<?xml version="1.0" encoding="utf-8"?>

  <Body>
  
	KIBA SMILES
	<Dialog name="DoorsLevel1">
		<speech text="Kiba: Man, I am too good for this!" speaker="0" bild="dialog0.png" emotion="2"/>
	</Dialog>
		
	FENRIR
	<Dialog name="DoorsLevel1">
		<speech text="Fenrir: You didn't even do anything!" speaker="2" bild="dialog2.png" emotion="0"/>
	</Dialog>

	KIBA
	<Dialog name="DoorsLevel1">
		<speech text="Kiba: Oh, really? I'll let you lift the next two ton stone we find, then. See how you like that!" speaker="0" bild="dialog0.png" emotion="0"/>
	</Dialog>
	
	SHEEKA
	<Dialog name="DoorsLevel1">
		<speech text="Sheeka: Now that would be a wondrous sight!" speaker="3" bild="dialog3.png" emotion="0"/>
	</Dialog>
	
  </Body>