<?xml version="1.0" encoding="utf-8"?>

  <Body>
  
  	Kiba’s journal
	<Dialog name="DoorsLevel1">
		<speech text="I cannot say Fenrir and Sheeka felt the same..."
		bild="dialog4.png"
		bildX="365" bildY="0"
		textX="415" textY="10"
		textboxWidth="540" textboxHeight="110"
		font="journal.ttf" size="30"
		colorR="0"
		colorG="0"
		colorB="0"
		/>
	</Dialog>
  
	SHEEKA
	<Dialog name="DoorsLevel1">
		<speech text="Sheeka: You don't have to follow me." speaker="3" bild="dialog3.png" emotion="0"/>
	</Dialog>
	
	FENRIR SIGHS
	<Dialog name="DoorsLevel1">
		<speech text="Fenrir: I know you're a cat and all, but even you can get lost here." speaker="2" bild="dialog2.png" emotion="1"/>
	</Dialog>

	SHEEKA
	<Dialog name="DoorsLevel1">
		<speech text="Sheeka: Whatever you say, pup. Just don't get in my way." speaker="3" bild="dialog3.png" emotion="0"/>
	</Dialog>
	
	FENRIR ANGRY
	<Dialog name="DoorsLevel1">
		<speech text="Fenrir: Now listen here, cat! You wouldn't even be alive if it wasn't for me. That fall\would've killed you. Stop being so stuck-up and show some humility for once." speaker="2" bild="dialog2.png" emotion="3"/>
	</Dialog>

	Kiba's journal
	<Dialog name="DoorsLevel1">
		<speech text="But at least one of them was trying..."
		bild="dialog4.png"
		bildX="365" bildY="0"
		textX="415" textY="10"
		textboxWidth="540" textboxHeight="110"
		font="journal.ttf" size="30"
		colorR="0"
		colorG="0"
		colorB="0"
		/>
	</Dialog>

	FENRIR
	<Dialog name="DoorsLevel1">
		<speech text="Fenrir: Come on. We have to find Kiba and Charlotte." speaker="2" bild="dialog2.png" emotion="0"/>
	</Dialog>
	
  </Body>