<?xml version="1.0" encoding="utf-8"?>

  <Body>
  
	SHEEKA
	<Dialog name="DoorsLevel1">
		<speech text="Sheeka: Aw, seems like we're going separate ways, pup." speaker="3" bild="dialog3.png" emotion="0"/>
	</Dialog>
	
	FENRIR
	<Dialog name="DoorsLevel1">
		<speech text="Fenrir: If you get stuck behind one of those magical walls,\I'm not coming to fetch you." speaker="2" bild="dialog2.png" emotion="0"/>
	</Dialog>

	KIBA SIGH
	<Dialog name="DoorsLevel1">
		<speech text="Kiba: You really never quit, do you?" speaker="0" bild="dialog0.png" emotion="1"/>
	</Dialog>
	
	SHEEKA SMILE
	<Dialog name="DoorsLevel1">
		<speech text="Sheeka: Nope." speaker="3" bild="dialog3.png" emotion="3"/>
	</Dialog>
	
  </Body>