<?xml version="1.0" encoding="utf-8"?>

  <Body>
  

	CHARLOTTE
	<Dialog name="DoorsLevel1">
		<speech text="Charlotte: This feels never-ending." speaker="1" bild="dialog1.png" emotion="2"/>
	</Dialog>

	KIBA SMILES
	<Dialog name="DoorsLevel1">
		<speech text="Kiba: Never-ending fun, right? Come on, I wanna solve this puzzle, too!" speaker="0" bild="dialog0.png" emotion="2"/>
	</Dialog>

	FENRIR
	<Dialog name="DoorsLevel1">
		<speech text="Fenrir: Where do you get that energy, seriously?" speaker="2" bild="dialog2.png" emotion="0"/>
	</Dialog>

	CHARLOTTE SIGHS
	<Dialog name="DoorsLevel1">
		<speech text="Charlotte: Bold and energetic, as all men are." speaker="1" bild="dialog1.png" emotion="1"/>
	</Dialog>
	
	FENRIR SURPRISED
	<Dialog name="DoorsLevel1">
		<speech text="Fenrir: Are you saying I'm not a male?" speaker="2" bild="dialog2.png" emotion="4"/>
	</Dialog>
	
	SHEEKA
	<Dialog name="DoorsLevel1">
		<speech text="Sheeka: Would that be a lie?" speaker="3" bild="dialog3.png" emotion="0"/>
	</Dialog>
	
	KIBA
	<Dialog name="DoorsLevel1">
		<speech text="Kiba: I said come on!" speaker="0" bild="dialog0.png" emotion="0"/>
	</Dialog>

	
  </Body>