<?xml version="1.0" encoding="utf-8"?>

  <Body>

	KIBA
	<Dialog name="DoorsLevel1">
		<speech text="Kiba: Phew! I thought we were goners for sure! Are you OK?" speaker="0" bild="dialog0.png" emotion="0"/>
	</Dialog>
	
	CHARLOTTE
	<Dialog name="DoorsLevel1">
		<speech text="Charlotte: I'll manage. But where's Fenrir and Sheeka?" speaker="1" bild="dialog1.png" emotion="0"/>
	</Dialog>

	KIBA
	<Dialog name="DoorsLevel1">
		<speech text="Kiba: No idea. But, they will be fine. Fenrir's a wolf, he protects every member of his pack." speaker="0" bild="dialog0.png" emotion="0"/>
	</Dialog>

	CHARLOTTE
	<Dialog name="DoorsLevel1">
		<speech text="Charlotte: You do know they hate each other, right?" speaker="1" bild="dialog1.png" emotion="0"/>
	</Dialog>

	KIBA
	<Dialog name="DoorsLevel1">
		<speech text="Kiba: Yeah, sure, but..." speaker="0" bild="dialog0.png" emotion="0"/>
	</Dialog>

	KIBA SIGHS
	<Dialog name="DoorsLevel1">
		<speech text="You're right... We have to find them." speaker="0" bild="dialog0.png" emotion="1"/>
	</Dialog>

	CHARLOTTE
	<Dialog name="DoorsLevel1">
		<speech text="Charlotte: Let's go then." speaker="1" bild="dialog1.png" emotion="0"/>
	</Dialog>

	
  </Body>