<?xml version="1.0" encoding="utf-8"?>

  <Body>
	<Door name="DoorsLevel1">
		<doorPosition X="2816" Y="1344"/>
		<buttonPosition X="1792" Y="1152"/>		
	</Door>

	<Door name="DoorsLevel1">
		<doorPosition X="3200" Y="576"/>
		<buttonPosition X="3392" Y="960"/>		
	</Door>
	
	<Door name="DoorsLevel1">
		<smalBridgePosition X="3648" Y="880" Closed="0"/>
		<buttonPosition X="3328" Y="640"/>		
	</Door>
	
	<Door name="DoorsLevel1">
		<doorPosition X="2112" Y="320"/>
		<buttonPosition X="2240" Y="128"/>		
	</Door>
	
	<Door name="DoorsLevel1">
		<doorPosition X="2112" Y="64"/>
		<buttonPosition X="1856" Y="384"/>		
	</Door>
	
  </Body>
  
  <Body2>
	<Portal name="Level1">
		<portalPosition X1="2882" Y1="1216" X2="1408" Y2="1152"/>
	</Portal>

  </Body2>