<?xml version="1.0" encoding="utf-8"?>

  <Body>
  
	Kiba fall lever
	Lower
	<Door name="DoorsLevel1">
		<smalBridgePosition X="1280" Y="1264" Closed="0"/>
		<leverPosition X="1280" Y="1472"/>		
	</Door>
	Upper
	<Door name="DoorsLevel1">
		<smalBridgePosition X="1280" Y="1072" Closed="0"/>
		<leverPosition X="1280" Y="1472"/>		
	</Door>
	Left
	<Door name="DoorsLevel1">
		<doorPosition X="1232" Y="1152"/>
		<leverPosition X="1280" Y="1472"/>		
	</Door>
	Right
	<Door name="DoorsLevel1">
		<doorPosition X="1328" Y="1152"/>
		<leverPosition X="1280" Y="1472"/>		
	</Door>
	
	Finish lever
	Left
	<Door name="DoorsLevel1">
		<doorPosition X="1904" Y="1408"/>
		<leverPosition X="2240" Y="1472"/>		
	</Door>
	Right
	<Door name="DoorsLevel1">
		<doorPosition X="2096" Y="1408"/>
		<leverPosition X="2240" Y="1472"/>		
	</Door>
	
	Stone finish button
	Upper
	<Door name="DoorsLevel1">
		<doorPosition X="2096" Y="960"/>
		<buttonPosition X="2048" Y="1472"/>		
	</Door>
	Lower
	<Door name="DoorsLevel1">
		<doorPosition X="2352" Y="1408"/>
		<buttonPosition X="2048" Y="1472"/>		
	</Door>
	
	ID 1
	<Door name="DoorsLevel1">
		<doorPosition X="496" Y="1600"/>
		<buttonPosition X="384" Y="1024"/>		
	</Door>
	
	<Door name="DoorsLevel1">
		<doorPosition X="1600" Y="1152"/>
		<buttonPosition X="384" Y="1024"/>		
	</Door>
	
	ID 2
	<Door name="DoorsLevel1">
		<doorPosition X="1664" Y="1600"/>
		<buttonPosition X="512" Y="448"/>		
	</Door>
	
	ID 3
	<Door name="DoorsLevel1">
		<smalBridgePosition X="384" Y="1552" Closed="1"/>
		<buttonPosition X="1152" Y="384"/>		
	</Door>
	
	<Door name="DoorsLevel1">
		<doorPosition X="1664" Y="1152"/>
		<buttonPosition X="1152" Y="384"/>		
	</Door>
	
	ID 4
	<Door name="DoorsLevel1">
		<doorPosition X="1600" Y="1600"/>
		<buttonPosition X="1600" Y="384"/>		
	</Door>
	
	<Door name="DoorsLevel1">
		<smalBridgePosition X="384" Y="1472" Closed="1"/>
		<buttonPosition X="1600" Y="384"/>		
	</Door>
	
	ID 5
	<Door name="DoorsLevel1">
		<doorPosition X="1536" Y="1600"/>
		<buttonPosition X="2816" Y="576"/>		
	</Door>
	
	<Door name="DoorsLevel1">
		<doorPosition X="1728" Y="1152"/>
		<buttonPosition X="2816" Y="576"/>		
	</Door>
	
	Magic Switch
	<Door name="DoorsLevel1">
		<doorPosition X="512" Y="960" texture="magicdoor.png"/>
		<magicSwitchPosition X="448" Y="832" timeOpen="5"/>		
	</Door>
	
   </Body>
   
<Body2>

	<Portal name="Level1">
		<portalPosition X1="1344" Y1="768" X2="1408" Y2="448"/>
	</Portal>

</Body2>