<?xml version="1.0" encoding="utf-8"?>

  <Body>
  	
	First bridge - Charlotte teleport
	<Door name="DoorsLevel1">
		<smalBridgePosition X="320" Y="1232" Closed="0"/>
		<buttonPosition X="128" Y="192"/>		
	</Door>
	
	Gauntlet Fenrir
	<Door name="DoorsLevel1">
		<doorPosition X="1024" Y="1024"/>
		<buttonPosition X="256" Y="896"/>		
	</Door>
	
	Gauntlet 1
	<Door name="DoorsLevel1">
		<doorPosition X="960" Y="1024" texture="magicdoor.png"/>
		<magicSwitchPosition X="64" Y="1088" timeOpen="8"/>		
	</Door>
	
	Gauntlet 2
	<Door name="DoorsLevel1">
		<doorPosition X="1536" Y="832" texture="magicdoor.png"/>
		<magicSwitchPosition X="1216" Y="1088" timeOpen="8"/>		
	</Door>
	
	Gauntlet - Next room
	<Door name="DoorsLevel1">
		<doorPosition X="1616" Y="1600"/>
		<leverPosition X="1600" Y="1088"/>		
	</Door>
	
	Gauntlet - To button
	<Door name="DoorsLevel1">
		<doorPosition X="1520" Y="1280"/>
		<leverPosition X="1600" Y="1088"/>		
	</Door>
	
	Fenrir stuck
	<Door name="DoorsLevel1">
		<doorPosition X="1840" Y="832"/>
		<buttonPosition X="1600" Y="1344"/>		
	</Door>
	
	Bridge puzzle 1
	<Door name="DoorsLevel1">
		<smalBridgePosition X="2624" Y="1024" Closed="0"/>
		<buttonPosition X="2240" Y="1088"/>		
	</Door>
	
	Bridge puzzle 2
	<Door name="DoorsLevel1">
		<smalBridgePosition X="2624" Y="912" Closed="0"/>
		<buttonPosition X="2112" Y="1088"/>		
	</Door>
	
	Bridge puzzle 3
	<Door name="DoorsLevel1">
		<smalBridgePosition X="2624" Y="784" Closed="0"/>
		<buttonPosition X="1984" Y="1088"/>		
	</Door>
	
	Bridge puzzle - Finish
	<Door name="DoorsLevel1">
		<doorPosition X="2256" Y="832"/>
		<leverPosition X="2368" Y="640"/>		
	</Door>
	
	Vine puzzle
	<Door name="DoorsLevel1">
		<doorPosition X="1344" Y="384"/>
		<buttonPosition X="1344" Y="256"/>		
	</Door>
	
	Vine puzzle
	<Door name="DoorsLevel1">
		<doorPosition X="2304" Y="384" texture="magicdoor.png"/>
		<magicSwitchPosition X="1152" Y="448" timeOpen="10"/>		
	</Door>
	
	Last puzzle
	<Door name="DoorsLevel1">
		<doorPosition X="3136" Y="320"/>
		<buttonPosition X="2560" Y="448"/>		
	</Door>
	
	Last puzzle
	<Door name="DoorsLevel1">
		<doorPosition X="2752" Y="128" texture="magicdoor.png"/>
		<magicSwitchPosition X="2816" Y="640" timeOpen="8"/>		
	</Door>
	
	Last puzzle
	<Door name="DoorsLevel1">
		<smalBridgePosition X="2368" Y="320" Closed="0"/>
		<buttonPosition X="3136" Y="192"/>		
	</Door>
	
	Bridge to finish
	<Door name="DoorsLevel1">
		<smalBridgePosition X="3392" Y="688" Closed="1"/>
		<buttonPosition X="3456" Y="960"/>		
	</Door>
	
	Stone button
	<Door name="DoorsLevel1">
		<smalBridgePosition X="2624" Y="1232" Closed="1"/>
		<buttonPosition X="2368" Y="1664"/>		
	</Door>
	
  </Body>
  
  <Body2>
	<Portal name="Level1">
		<portalPosition X1="640" Y1="1408" X2="256" Y2="192"/>
	</Portal>
	
	<Portal name="Level1">
		<portalPosition X1="2496" Y1="1152" X2="1088" Y2="256"/>
	</Portal>


</Body2>
